Name,Position,Current_Form,Fitness_Level,Injury_Risk,Performance_Trend
Thibaut Courtois,GK,8.7,8.8,0.1,Stable
Virgil van Dijk,DEF,8.5,8.9,0.15,Stable
Trent Alexander-Arnold,DEF,7.5,8.0,0.2,Stable
Andrew Robertson,DEF,7.5,8.0,0.2,Stable
Joel Matip,DEF,7.5,8.0,0.2,Stable
Fabinho,MID,7.5,8.0,0.2,Stable
Jordan Henderson,MID,7.5,8.0,0.2,Stable
Alexis Mac Allister,MID,7.5,8.0,0.2,Stable
Mohamed Salah,FWD,9.0,8.0,0.25,Stable
Darwin Núñez,FWD,7.5,8.0,0.2,Stable
Luis Díaz,FWD,7.5,8.0,0.2,Stable
Dominik Szoboszlai,MID,7.5,8.0,0.2,Stable
Alisson,GK,7.5,8.0,0.2,Stable
Ibrahima Konaté,DEF,7.5,8.0,0.2,Stable
Kostas Tsimikas,DEF,7.5,8.0,0.2,Stable
