Name,Position,Age,Overall_Rating,Current_Form,Potential,Compatibility_Score,Recruitment_Priority,Strengths,Weaknesses
Thibaut Courtois,GK,31,92,8.7,8.145999999999999,10.0,High Priority,"Shooting, Current Form, Fitness",No major weaknesses
Virgil van Dijk,DEF,32,89,8.5,7.862,10.0,High Priority,"Shooting, Defending, Current Form, Fitness",No major weaknesses
Mohamed Salah,FWD,31,90,9.0,7.856,10.0,High Priority,"Shooting, Pace, Current Form",No major weaknesses
Trent Alexander-Arnold,DEF,25,87,7.5,7.41,10.0,Medium Priority,Shooting,No major weaknesses
Andrew Robertson,DEF,29,88,7.5,7.434000000000001,10.0,Medium Priority,Shooting,No major weaknesses
Joel Matip,DEF,32,82,7.5,7.181999999999999,10.0,Medium Priority,Shooting,No major weaknesses
Fabinho,MID,30,84,7.5,7.2700000000000005,10.0,Medium Priority,Shooting,No major weaknesses
Jordan Henderson,MID,33,83,7.5,7.218,10.0,Medium Priority,Shooting,No major weaknesses
Alexis Mac Allister,MID,25,85,7.5,7.33,10.0,Medium Priority,Shooting,No major weaknesses
Darwin Núñez,FWD,24,83,7.5,7.254,10.0,Medium Priority,Shooting,No major weaknesses
Luis Díaz,FWD,26,86,7.5,7.365999999999999,10.0,Medium Priority,Shooting,No major weaknesses
Dominik Szoboszlai,MID,23,84,7.5,7.298000000000001,10.0,Medium Priority,Shooting,No major weaknesses
Alisson,GK,31,88,7.5,7.426000000000001,10.0,Medium Priority,Shooting,No major weaknesses
Ibrahima Konaté,DEF,24,85,7.5,7.334,10.0,Medium Priority,Shooting,No major weaknesses
Kostas Tsimikas,DEF,27,79,7.5,7.082,10.0,Medium Priority,Shooting,No major weaknesses
